name,team_abbr,season_year,position,appearances,goals,assists,clean_sheets,headshot
Aidan Morris,CCR,2024,MF,36,4,4,10,https://upload.wikimedia.org/wikipedia/commons/thumb/9/94/Aidan_Morris_USMNT_v_Belgium_Mar_28_2026-57_%28cropped%29.jpg/330px-Aidan_Morris_USMNT_v_Belgium_Mar_28_2026-57_%28cropped%29.jpg
Alejandro Bedoya,PUN,2024,MF,31,0,4,12,https://upload.wikimedia.org/wikipedia/commons/thumb/2/2d/Alejandro_Bedoya_Philadelphia_Union_New_York_City_FC_Nov_23_2025-021_%28cropped%29.jpg/330px-Alejandro_Bedoya_Philadelphia_Union_New_York_City_FC_Nov_23_2025-021_%28cropped%29.jpg
Alex Bono,DUN,2024,GK,10,0,0,6,https://upload.wikimedia.org/wikipedia/commons/thumb/0/0c/Alex_Bono_2015.jpg/330px-Alex_Bono_2015.jpg
Alex Muyl,NSC,2024,MF,34,1,0,13,https://upload.wikimedia.org/wikipedia/commons/thumb/3/3c/Alex_Muyl_Revolution_Nashville_6.25.25-065.jpg/330px-Alex_Muyl_Revolution_Nashville_6.25.25-065.jpg
Alex Roldan,SSO,2024,DF,32,1,2,14,https://upload.wikimedia.org/wikipedia/commons/thumb/1/11/%C3%81lex_Rold%C3%A1n_NYCFC.Seattle.18.Oct.2025-055_%28cropped%29.jpg/330px-%C3%81lex_Rold%C3%A1n_NYCFC.Seattle.18.Oct.2025-055_%28cropped%29.jpg
Alfredo Morales,NYO,2024,MF,22,0,1,10,https://upload.wikimedia.org/wikipedia/commons/thumb/3/35/Morales%2C_Alfredo_Hertha_12-13_WP_%28cropped%29.JPG/330px-Morales%2C_Alfredo_Hertha_12-13_WP_%28cropped%29.JPG
Alvas Powell,CIN,2024,MF,27,0,1,20,https://upload.wikimedia.org/wikipedia/commons/thumb/f/fd/Alvas_Powell_NYCFC_v_Cincinnati_22_Apr_26-15_%28cropped%29.jpg/330px-Alvas_Powell_NYCFC_v_Cincinnati_22_Apr_26-15_%28cropped%29.jpg
Amar Sejdic,AUN,2024,MF,23,0,0,12,https://upload.wikimedia.org/wikipedia/commons/thumb/f/fc/Amar_Sejdic_NYCFC_v_Columbus_10_May_2026-212_%28cropped%29.jpg/330px-Amar_Sejdic_NYCFC_v_Columbus_10_May_2026-212_%28cropped%29.jpg
Anderson Julio,RSA,2024,FW,31,5,1,13,https://upload.wikimedia.org/wikipedia/commons/8/87/Inter_Miami_vs_Real_Salt_Lake_01_%28cropped%29_3.jpg
Andre Blake,PUN,2024,GK,30,0,0,11,https://upload.wikimedia.org/wikipedia/commons/thumb/b/b5/Andre_Blake_Philadelphia_Union_New_York_City_FC_Nov_23_2025-028_%28cropped%29.jpg/330px-Andre_Blake_Philadelphia_Union_New_York_City_FC_Nov_23_2025-028_%28cropped%29.jpg
Andrew Gutman,AUN,2024,DF,18,3,2,3,https://upload.wikimedia.org/wikipedia/commons/thumb/f/f3/Andrew_Gutman_Philadelphia_Chicago_10.26.25-001_%28cropped%29.jpg/330px-Andrew_Gutman_Philadelphia_Chicago_10.26.25-001_%28cropped%29.jpg
Andrew Gutman,CRA,2024,DF,12,1,0,2,https://upload.wikimedia.org/wikipedia/commons/thumb/f/f3/Andrew_Gutman_Philadelphia_Chicago_10.26.25-001_%28cropped%29.jpg/330px-Andrew_Gutman_Philadelphia_Chicago_10.26.25-001_%28cropped%29.jpg
Andrew Privett,CHA,2024,DF,13,0,0,5,https://upload.wikimedia.org/wikipedia/commons/thumb/b/b4/Andrew_Privett_NYCFC_v_Charlotte_20_Sep_2025-172_%28cropped%29.jpg/330px-Andrew_Privett_NYCFC_v_Charlotte_20_Sep_2025-172_%28cropped%29.jpg
Andrés Cubas,VWH,2024,MF,30,0,2,8,https://upload.wikimedia.org/wikipedia/commons/thumb/e/ed/InddelVal-Boca_%283%29.jpg/330px-InddelVal-Boca_%283%29.jpg
Andrés Perea,NYO,2024,MF,10,1,0,5,https://upload.wikimedia.org/wikipedia/commons/thumb/1/1a/Andr%C3%A9s_Perea_NYCFC_Miami_24_Sep_2025-084_%28cropped%29.jpg/330px-Andr%C3%A9s_Perea_NYCFC_Miami_24_Sep_2025-084_%28cropped%29.jpg
Andrés Perea,PUN,2024,MF,8,1,0,5,https://upload.wikimedia.org/wikipedia/commons/thumb/1/1a/Andr%C3%A9s_Perea_NYCFC_Miami_24_Sep_2025-084_%28cropped%29.jpg/330px-Andr%C3%A9s_Perea_NYCFC_Miami_24_Sep_2025-084_%28cropped%29.jpg
Aníbal Godoy,NSC,2024,MF,25,0,0,12,https://upload.wikimedia.org/wikipedia/commons/5/51/ENG-PAN_%2815%29_%28cropped%29.jpg
Ayo Akinola,SJO,2024,FW,7,0,0,6,https://upload.wikimedia.org/wikipedia/commons/thumb/3/39/Francia-usa-28.jpg/330px-Francia-usa-28.jpg
Ayo Akinola,TOR,2024,FW,14,0,0,6,https://upload.wikimedia.org/wikipedia/commons/thumb/3/39/Francia-usa-28.jpg/330px-Francia-usa-28.jpg
Aziel Jackson,SLO,2024,MF,27,1,4,15,https://upload.wikimedia.org/wikipedia/commons/thumb/b/ba/Aziel_Jackson%2C_Vancouver_Whitecaps_FC_v_Colorado_Rapids_2026-04-25_%28cropped%29.jpg/330px-Aziel_Jackson%2C_Vancouver_Whitecaps_FC_v_Colorado_Rapids_2026-04-25_%28cropped%29.jpg
Ben Bender,CHA,2024,MF,17,3,2,8,https://upload.wikimedia.org/wikipedia/commons/thumb/f/f5/Ben_Bender_Philadelphia_Union_New_York_City_FC_Nov_23_2025-023_%28cropped%29.jpg/330px-Ben_Bender_Philadelphia_Union_New_York_City_FC_Nov_23_2025-023_%28cropped%29.jpg
Ben Sweat,KCI,2024,DF,5,0,0,2,https://upload.wikimedia.org/wikipedia/commons/thumb/b/b0/Ben_Sweat_2017_%28cropped%29.jpg/330px-Ben_Sweat_2017_%28cropped%29.jpg
Ben Sweat,NEN,2024,DF,10,0,0,6,https://upload.wikimedia.org/wikipedia/commons/thumb/b/b0/Ben_Sweat_2017_%28cropped%29.jpg/330px-Ben_Sweat_2017_%28cropped%29.jpg
Benjamin Cremaschi,IMI,2024,MF,28,2,4,7,https://upload.wikimedia.org/wikipedia/commons/thumb/5/5b/Benjamin_Cremaschi_NE_Revolution_Inter_Miami_7.9.25-014_%28cropped%29.jpg/330px-Benjamin_Cremaschi_NE_Revolution_Inter_Miami_7.9.25-014_%28cropped%29.jpg
Bobby Wood,NEN,2024,FW,31,7,5,17,https://upload.wikimedia.org/wikipedia/commons/thumb/e/e9/Bobby_Wood_%2845272402092%29_%28cropped%29.jpg/330px-Bobby_Wood_%2845272402092%29_%28cropped%29.jpg
Bode Hidalgo,RSA,2024,DF,24,0,1,13,https://upload.wikimedia.org/wikipedia/commons/thumb/c/cb/Inter_Miami_vs_Real_Salt_Lake_01_%28cropped%29.jpg/330px-Inter_Miami_vs_Real_Salt_Lake_01_%28cropped%29.jpg
Bongokuhle Hlongwane,MUN,2024,MF,30,8,3,8,https://upload.wikimedia.org/wikipedia/commons/thumb/1/10/Bongokuhle_%27Bongi%27_Hlongwane_-_MNUFC_-_Allianz_Field_-_MLS_-_%2852125526845%29.jpg/330px-Bongokuhle_%27Bongi%27_Hlongwane_-_MNUFC_-_Allianz_Field_-_MLS_-_%2852125526845%29.jpg
Brad Guzan,AUN,2024,GK,30,0,0,7,https://upload.wikimedia.org/wikipedia/commons/thumb/1/13/ATLUTD_20240331_ATLvsCHI_MM1_0825_%28cropped%29.jpg/330px-ATLUTD_20240331_ATLvsCHI_MM1_0825_%28cropped%29.jpg
Brad Stuver,AUS,2024,GK,34,0,0,7,https://upload.wikimedia.org/wikipedia/commons/thumb/4/40/Brad_Stuver_2017-06-14_%2835692567831%29_%28cropped%29.jpg/330px-Brad_Stuver_2017-06-14_%2835692567831%29_%28cropped%29.jpg
Braian Ojeda,RSA,2024,MF,33,0,1,14,https://upload.wikimedia.org/wikipedia/commons/thumb/4/40/Dynamo_vs_Real_Salt_Lake_%28Mar_2025%29_16_%28cropped%29.jpg/330px-Dynamo_vs_Real_Salt_Lake_%28Mar_2025%29_16_%28cropped%29.jpg
Brandon Bye,NEN,2024,DF,19,2,2,7,https://upload.wikimedia.org/wikipedia/commons/thumb/8/88/Brandon_Bye_Revolution_Nashville_6.25.25-072_%28cropped%29.jpg/330px-Brandon_Bye_Revolution_Nashville_6.25.25-072_%28cropped%29.jpg
Brandon Servania,TOR,2024,MF,28,1,1,12,https://upload.wikimedia.org/wikipedia/commons/thumb/8/85/Brandon_Servania_NYCFC_vs_DC_United_on_Aug_30_2025-025_%28cropped%29.jpg/330px-Brandon_Servania_NYCFC_vs_DC_United_on_Aug_30_2025-025_%28cropped%29.jpg
Brandon Vázquez,CIN,2024,FW,33,9,2,14,https://upload.wikimedia.org/wikipedia/commons/thumb/d/db/Brandon_Vazquez.jpg/330px-Brandon_Vazquez.jpg
Brandt Bronico,CHA,2024,MF,33,1,1,11,https://upload.wikimedia.org/wikipedia/commons/thumb/1/19/Brandt_Bronico_NYCFC_v_Charlotte_20_Sep_2025-054_%28cropped%29.jpg/330px-Brandt_Bronico_NYCFC_v_Charlotte_20_Sep_2025-054_%28cropped%29.jpg
Brayan Vera,RSA,2024,DF,27,3,1,8,https://upload.wikimedia.org/wikipedia/commons/thumb/a/a3/Dynamo_vs_Real_Salt_Lake_%28Mar_2025%29_14_%28cropped%29.jpg/330px-Dynamo_vs_Real_Salt_Lake_%28Mar_2025%29_14_%28cropped%29.jpg
Brent Kallman,MUN,2024,DF,7,0,0,3,https://upload.wikimedia.org/wikipedia/commons/thumb/c/c9/Brent_Kallman_14_DF_Union_Omaha_04182026-4.jpg/330px-Brent_Kallman_14_DF_Union_Omaha_04182026-4.jpg
Brian Gutiérrez,CFI,2024,MF,32,2,7,11,https://upload.wikimedia.org/wikipedia/commons/thumb/8/84/Brian_Gutierrez.png/330px-Brian_Gutierrez.png
Brooklyn Raines,HDY,2024,MF,7,0,0,6,https://upload.wikimedia.org/wikipedia/commons/thumb/6/62/Houston_Dynamo_training_2025%2C_096.jpg/330px-Houston_Dynamo_training_2025%2C_096.jpg
Brooks Lennon,AUN,2024,DF,36,4,12,9,https://upload.wikimedia.org/wikipedia/commons/thumb/6/66/Brooks_Lennon_Red_Bull_Atlanta_5.31.25-12_%28cropped%29.jpg/330px-Brooks_Lennon_Red_Bull_Atlanta_5.31.25-12_%28cropped%29.jpg
Bryan Acosta,CRA,2024,MF,14,0,0,6,https://upload.wikimedia.org/wikipedia/commons/thumb/7/77/Bryan_Acosta_Revolution_Nashville_6.25.25-030_%28cropped%29.jpg/330px-Bryan_Acosta_Revolution_Nashville_6.25.25-030_%28cropped%29.jpg
Bryan Acosta,PTI,2024,MF,7,0,1,0,https://upload.wikimedia.org/wikipedia/commons/thumb/7/77/Bryan_Acosta_Revolution_Nashville_6.25.25-030_%28cropped%29.jpg/330px-Bryan_Acosta_Revolution_Nashville_6.25.25-030_%28cropped%29.jpg
C.J. Sapong,NSC,2024,FW,8,0,0,6,https://upload.wikimedia.org/wikipedia/commons/thumb/d/d7/C._J._Sapong.jpg/330px-C._J._Sapong.jpg
C.J. Sapong,TOR,2024,FW,20,1,0,5,https://upload.wikimedia.org/wikipedia/commons/thumb/d/d7/C._J._Sapong.jpg/330px-C._J._Sapong.jpg
Cade Cowell,SJO,2024,FW,24,1,2,10,https://upload.wikimedia.org/wikipedia/commons/thumb/1/18/Cade_Cowell_Red_Bulls_Revolution-29_%28cropped%29.jpg/330px-Cade_Cowell_Red_Bulls_Revolution-29_%28cropped%29.jpg
Caleb Wiley,AUN,2024,DF,33,4,4,8,https://upload.wikimedia.org/wikipedia/commons/thumb/7/7b/Wiley_asse_rcsa_2425.jpg/330px-Wiley_asse_rcsa_2425.jpg
Carles Gil,NEN,2024,MF,34,11,8,9,https://upload.wikimedia.org/wikipedia/commons/thumb/e/ee/Carles_Gil_Revolution_Nashville_6.25.25-073_%28cropped%29.jpg/330px-Carles_Gil_Revolution_Nashville_6.25.25-073_%28cropped%29.jpg
Christopher Durkin,DUN,2024,MF,31,3,2,13,https://upload.wikimedia.org/wikipedia/commons/thumb/e/e7/Francia-usa-23_%28cropped%29.jpg/330px-Francia-usa-23_%28cropped%29.jpg
Christopher McVey,IMI,2024,DF,16,0,0,5,https://upload.wikimedia.org/wikipedia/commons/thumb/f/fb/Chris_McVey_2023_%28cropped%29.jpg/330px-Chris_McVey_2023_%28cropped%29.jpg
Cristian Roldan,SSO,2024,MF,20,3,2,12,https://upload.wikimedia.org/wikipedia/commons/thumb/a/a4/Cristian_Roldan_Australia_v_USA_19_June_2026-73.jpg/330px-Cristian_Roldan_Australia_v_USA_19_June_2026-73.jpg
Célio Pompeu,SLO,2024,MF,28,2,0,17,https://upload.wikimedia.org/wikipedia/commons/thumb/a/a2/C%C3%A9lio_Pompeu%2C_St._Louis_City_2024_%28cropped%29.jpg/330px-C%C3%A9lio_Pompeu%2C_St._Louis_City_2024_%28cropped%29.jpg
Daniel Crisostomo,LAF,2024,MF,6,0,0,4,https://upload.wikimedia.org/wikipedia/commons/thumb/c/ca/Daniel_Crisostomo_Sacramento_Republic_vs_Oakland_Roots_16_May_2026.jpg/330px-Daniel_Crisostomo_Sacramento_Republic_vs_Oakland_Roots_16_May_2026.jpg
Daniel Leyva,CRA,2024,MF,16,0,0,6,https://upload.wikimedia.org/wikipedia/commons/thumb/f/f9/Danny_Leyva_NYCFC.Seattle.18.Oct.2025-044_%28cropped%29.jpg/330px-Danny_Leyva_NYCFC.Seattle.18.Oct.2025-044_%28cropped%29.jpg
Daniel Lovitz,NSC,2024,DF,34,0,4,10,https://upload.wikimedia.org/wikipedia/commons/thumb/e/e1/Daniel_Lovitz_Revolution_Nashville_6.25.25-063_%28cropped%29.jpg/330px-Daniel_Lovitz_Revolution_Nashville_6.25.25-063_%28cropped%29.jpg
Daniel Steres,HDY,2024,DF,26,2,2,15,https://upload.wikimedia.org/wikipedia/commons/thumb/a/a3/Houston_Dynamo_vs_Seattle_Sounders_%28May_2025%29_04_%28cropped%29.jpg/330px-Houston_Dynamo_vs_Seattle_Sounders_%28May_2025%29_04_%28cropped%29.jpg
Dante Sealy,DAL,2024,MF,13,0,0,10,https://upload.wikimedia.org/wikipedia/commons/thumb/b/b8/Dante_Sealy_CF_Montreal_NYCFC_6.28.25-048_%28cropped%29.jpg/330px-Dante_Sealy_CF_Montreal_NYCFC_6.28.25-048_%28cropped%29.jpg
Darlington Nagbe,CCR,2024,MF,40,4,1,14,https://upload.wikimedia.org/wikipedia/commons/thumb/d/d2/Darlington_Nagbe_%28cropped%29.jpg/330px-Darlington_Nagbe_%28cropped%29.jpg
Darren Yapi,CRA,2024,FW,20,0,1,12,https://upload.wikimedia.org/wikipedia/commons/thumb/8/8a/Darren_Yapi_NYCFC_v_Colorado_Mar_14_2026-42_%28cropped%29.jpg/330px-Darren_Yapi_NYCFC_v_Colorado_Mar_14_2026-42_%28cropped%29.jpg
Dave Romney,NEN,2024,DF,36,1,1,8,https://upload.wikimedia.org/wikipedia/commons/thumb/9/91/HOUSTON_DYNAMO_VS._LA_GALAXY_3_-_0_1.jpg/330px-HOUSTON_DYNAMO_VS._LA_GALAXY_3_-_0_1.jpg
Dax McCarty,NSC,2024,MF,28,1,2,14,https://upload.wikimedia.org/wikipedia/commons/f/f1/DaxMcCarty.JPG
Dayne St. Clair,MUN,2024,GK,30,0,1,8,https://upload.wikimedia.org/wikipedia/commons/thumb/6/6f/Dayne_St._Clair_Canada_v_Qatar_18_June_2026-082.jpg/330px-Dayne_St._Clair_Canada_v_Qatar_18_June_2026-082.jpg
DeAndre Yedlin,IMI,2024,DF,28,0,2,8,https://upload.wikimedia.org/wikipedia/commons/thumb/e/e6/DeAndre_Yedlin_2021.jpg/330px-DeAndre_Yedlin_2021.jpg
Denis Bouanga,LAF,2024,FW,36,25,6,15,https://upload.wikimedia.org/wikipedia/commons/thumb/8/80/Denis_Bouanga_2024_%28cropped%29.jpg/330px-Denis_Bouanga_2024_%28cropped%29.jpg
Derrick Etienne Jr.,AUN,2024,MF,23,0,1,13,https://upload.wikimedia.org/wikipedia/commons/thumb/0/00/Derrick_Etienne_%2828411015376%29_%28cropped2%29.jpg/330px-Derrick_Etienne_%2828411015376%29_%28cropped2%29.jpg
Devin Padelford,MUN,2024,MF,8,1,0,4,https://upload.wikimedia.org/wikipedia/commons/thumb/8/85/Houston_Dynamo_vs_Minnesota_United_%28May_2025%29_15_%28cropped%29.jpg/330px-Houston_Dynamo_vs_Minnesota_United_%28May_2025%29_15_%28cropped%29.jpg
Diego Chará,PTI,2024,MF,29,0,0,9,https://upload.wikimedia.org/wikipedia/commons/thumb/0/0e/Diego_Char%C3%A1_Portland_Timbers_vs_Colorado_Rapids_2016-10-16.jpg/330px-Diego_Char%C3%A1_Portland_Timbers_vs_Colorado_Rapids_2016-10-16.jpg
Diego Fagundez,AUS,2024,MF,19,2,1,9,https://upload.wikimedia.org/wikipedia/commons/c/c3/Diego_Fagundez.jpg
Diego Fagundez,GAL,2024,MF,11,1,1,4,https://upload.wikimedia.org/wikipedia/commons/c/c3/Diego_Fagundez.jpg
Drake Callender,IMI,2024,GK,33,0,0,6,https://upload.wikimedia.org/wikipedia/commons/thumb/f/fc/Inter_Miami_0-0_Nashville_SC_02_%28cropped%29.jpg/330px-Inter_Miami_0-0_Nashville_SC_02_%28cropped%29.jpg
Dylan Nealis,RBU,2024,DF,22,0,0,12,https://upload.wikimedia.org/wikipedia/commons/thumb/3/3b/Dylan_Nealis_NY_Red_Bulls_v_FC_Dallas_2_May_2026-70_%28cropped%29.jpg/330px-Dylan_Nealis_NY_Red_Bulls_v_FC_Dallas_2_May_2026-70_%28cropped%29.jpg
Dylan Teves,SSO,2024,MF,13,0,0,11,https://upload.wikimedia.org/wikipedia/commons/thumb/5/52/Dylan_Teves%2C_Washington_%40_California_20211010.jpg/330px-Dylan_Teves%2C_Washington_%40_California_20211010.jpg
Dániel Gazdag,PUN,2024,MF,35,15,6,12,https://upload.wikimedia.org/wikipedia/commons/thumb/5/51/Daniel_Gazdag_NYCFC_v_Columbus_10_May_2026-24.jpg/330px-Daniel_Gazdag_NYCFC_v_Columbus_10_May_2026-24.jpg
Dániel Sallói,KCI,2024,FW,38,9,9,9,https://upload.wikimedia.org/wikipedia/commons/thumb/f/f0/Daniel_Salloi_at_Children%27s_Mercy_Park.jpg/330px-Daniel_Salloi_at_Children%27s_Mercy_Park.jpg
Eduard Löwen,SLO,2024,MF,31,6,9,9,https://upload.wikimedia.org/wikipedia/commons/thumb/a/aa/Hertha_BSC_vs._West_Ham_United_20190731_%28038%29.jpg/330px-Hertha_BSC_vs._West_Ham_United_20190731_%28038%29.jpg
Edwin Cerrillo,DAL,2024,MF,19,0,0,8,https://upload.wikimedia.org/wikipedia/commons/thumb/c/c1/MLS_FC_Dallas_at_Real_Salt_Lake_%2851428153401%29_%28cropped%29.jpg/330px-MLS_FC_Dallas_at_Real_Salt_Lake_%2851428153401%29_%28cropped%29.jpg
Edwin Cerrillo,GAL,2024,MF,11,0,1,2,https://upload.wikimedia.org/wikipedia/commons/thumb/c/c1/MLS_FC_Dallas_at_Real_Salt_Lake_%2851428153401%29_%28cropped%29.jpg/330px-MLS_FC_Dallas_at_Real_Salt_Lake_%2851428153401%29_%28cropped%29.jpg
Emeka Eneli,RSA,2024,DF,23,0,0,9,https://upload.wikimedia.org/wikipedia/commons/thumb/1/17/Dynamo_vs_Real_Salt_Lake_%28Mar_2025%29_12_%28cropped%29.jpg/330px-Dynamo_vs_Real_Salt_Lake_%28Mar_2025%29_12_%28cropped%29.jpg
Erik Dueñas,LAF,2024,MF,18,0,0,11,https://upload.wikimedia.org/wikipedia/commons/thumb/6/6a/Houston_Dynamo_fan_fest_2025%2C_07.jpg/330px-Houston_Dynamo_fan_fest_2025%2C_07.jpg
Erik Hurtado,DUN,2024,MF,7,0,0,4,https://upload.wikimedia.org/wikipedia/commons/8/80/Erik_Hurtado_F0177.jpg
Eryk Williamson,PTI,2024,MF,6,0,1,2,https://upload.wikimedia.org/wikipedia/commons/thumb/1/13/Eryk_Williamson_Heritage_Rose_jersey_2022-05-14_%28cropped%29.jpg/330px-Eryk_Williamson_Heritage_Rose_jersey_2022-05-14_%28cropped%29.jpg
Ethan Bartlow,HDY,2024,DF,27,0,0,13,https://upload.wikimedia.org/wikipedia/commons/thumb/8/87/Austin_vs_Houston_Dynamo_%282025_US_Open_Cup%29_07.jpg/330px-Austin_vs_Houston_Dynamo_%282025_US_Open_Cup%29_07.jpg
Ethan Finlay,AUS,2024,MF,34,5,3,14,https://upload.wikimedia.org/wikipedia/commons/thumb/b/b4/Ethan_Finlay_-_Minnesota_United_%28cropped%29.jpg/330px-Ethan_Finlay_-_Minnesota_United_%28cropped%29.jpg
Ethan Zubak,NSC,2024,MF,9,0,0,9,https://upload.wikimedia.org/wikipedia/commons/thumb/b/b3/Inter_Miami_0-0_Nashville_SC_01_%28cropped%29.jpg/330px-Inter_Miami_0-0_Nashville_SC_01_%28cropped%29.jpg
Fabian Herbers,CFI,2024,MF,32,4,2,12,https://upload.wikimedia.org/wikipedia/commons/thumb/f/f8/CINvBST_2018-06-13_-_Fabian_Herbers_%2845328818292%29_%28cropped%29.jpg/330px-CINvBST_2018-06-13_-_Fabian_Herbers_%2845328818292%29_%28cropped%29.jpg
Facundo Torres,OCI,2024,MF,33,14,5,14,https://upload.wikimedia.org/wikipedia/commons/thumb/4/44/Facundo-torres-palmeiras-sport-ago-25_%28cropped%29.jpg/330px-Facundo-torres-palmeiras-sport-ago-25_%28cropped%29.jpg
Fafà Picault,NSC,2024,MF,29,5,1,14,https://upload.wikimedia.org/wikipedia/commons/thumb/0/0d/Faf%C3%A0_Picault_NE_Revolution_Inter_Miami_7.9.25-032_%28cropped%29.jpg/330px-Faf%C3%A0_Picault_NE_Revolution_Inter_Miami_7.9.25-032_%28cropped%29.jpg
Felipe Mora,PTI,2024,FW,15,6,1,5,https://upload.wikimedia.org/wikipedia/commons/thumb/b/b1/Felipe_Mora.jpg/330px-Felipe_Mora.jpg
Frankie Amaya,RBU,2024,MF,28,5,0,7,https://upload.wikimedia.org/wikipedia/commons/thumb/2/2d/CINvNY_2019-05-25_-_Frankie_Amaya_%2872157708832006193%29_%28cropped%29.jpg/330px-CINvNY_2019-05-25_-_Frankie_Amaya_%2872157708832006193%29_%28cropped%29.jpg
Gabriel Pirani,DUN,2024,MF,10,1,0,5,https://upload.wikimedia.org/wikipedia/commons/thumb/c/c5/Gabriel_Pirani_NYCFC_vs_DC_United_on_Aug_30_2025-026_%28cropped%29.jpg/330px-Gabriel_Pirani_NYCFC_vs_DC_United_on_Aug_30_2025-026_%28cropped%29.jpg
Graham Zusi,KCI,2024,DF,15,0,1,9,https://upload.wikimedia.org/wikipedia/commons/9/9c/Graham_Zusi_2022.png
Griffin Dorsey,HDY,2024,DF,24,3,2,15,https://upload.wikimedia.org/wikipedia/commons/thumb/2/25/Houston_Dynamo_vs_Dallas_2025_preseason%2C_06_%28cropped%29.jpg/330px-Houston_Dynamo_vs_Dallas_2025_preseason%2C_06_%28cropped%29.jpg
Gyasi Zardes,AUS,2024,FW,28,6,2,10,https://upload.wikimedia.org/wikipedia/commons/thumb/0/0b/USMNT_vs._Trinidad_and_Tobago_%2848124887166%29_%28cropped%29_3.jpg/330px-USMNT_vs._Trinidad_and_Tobago_%2848124887166%29_%28cropped%29_3.jpg
Hany Mukhtar,NSC,2024,FW,36,15,9,12,https://upload.wikimedia.org/wikipedia/commons/thumb/a/a0/Hany_Mukhtar_Revolution_Nashville_6.25.25-074_%28cropped%29.jpg/330px-Hany_Mukhtar_Revolution_Nashville_6.25.25-074_%28cropped%29.jpg
Hassani Dotson,MUN,2024,MF,34,3,3,11,https://upload.wikimedia.org/wikipedia/commons/thumb/9/93/Hassani_Dotson_-_-_MNUFC_-_Minnesota_United_Loons_-_Allianz_Field_-_St._Paul_Minnesota_%2848259066957%29_%28cropped%29.jpg/330px-Hassani_Dotson_-_-_MNUFC_-_Minnesota_United_Loons_-_Allianz_Field_-_St._Paul_Minnesota_%2848259066957%29_%28cropped%29.jpg
Hugo Mbongue,TOR,2024,FW,11,0,0,7,https://upload.wikimedia.org/wikipedia/commons/a/a1/Hugo_Mbongue_photo_by_Djuradj_Vujcic.jpg
Héctor Herrera,HDY,2024,MF,35,5,13,15,https://upload.wikimedia.org/wikipedia/commons/9/99/H%C3%A9ctor_Herrera_WC2022.jpg
Ian Fray,IMI,2024,DF,11,1,0,2,https://upload.wikimedia.org/wikipedia/commons/thumb/3/34/Ian_Fray_NYCFC_Miami_24_Sep_2025-023_%28cropped%29.jpg/330px-Ian_Fray_NYCFC_Miami_24_Sep_2025-023_%28cropped%29.jpg
Ian Harkes,NEN,2024,MF,9,2,1,5,https://upload.wikimedia.org/wikipedia/commons/thumb/4/4f/Ian_Harkes_at_USO_Children%27s_Soccer_Clinic.jpg/330px-Ian_Harkes_at_USO_Children%27s_Soccer_Clinic.jpg
Ilie Sánchez,LAF,2024,MF,39,1,3,15,https://upload.wikimedia.org/wikipedia/commons/thumb/3/30/Ilie_S%C3%A1nchez_Cropped.jpg/330px-Ilie_S%C3%A1nchez_Cropped.jpg
Indiana Vassilev,SLO,2024,MF,36,2,4,16,https://upload.wikimedia.org/wikipedia/commons/thumb/6/66/Indiana_Vassilev_Philadelphia_Chicago_10.26.25-070_%28cropped%29.jpg/330px-Indiana_Vassilev_Philadelphia_Chicago_10.26.25-070_%28cropped%29.jpg
Iván Angulo,OCI,2024,MF,37,6,6,18,https://upload.wikimedia.org/wikipedia/commons/c/c1/Inter_Miami_CF_0-3_Orlando_City_SC_%2818_May_2025%29_58_%28cropped%29.jpg
Jack McGlynn,PUN,2024,MF,30,2,2,13,https://upload.wikimedia.org/wikipedia/commons/thumb/2/23/Jack_McGlynn%2C_2025_CONCACAF_Gold_Cup%2C_01_%28cropped%29.jpg/330px-Jack_McGlynn%2C_2025_CONCACAF_Gold_Cup%2C_01_%28cropped%29.jpg
Jackson Hopkins,DUN,2024,MF,7,0,0,5,https://upload.wikimedia.org/wikipedia/commons/thumb/d/d7/Jackson_Hopkins_NYCFC_vs_DC_United_on_Aug_30_2025-024_%28cropped%29.jpg/330px-Jackson_Hopkins_NYCFC_vs_DC_United_on_Aug_30_2025-024_%28cropped%29.jpg
Jackson Ragen,SSO,2024,DF,36,0,4,16,https://upload.wikimedia.org/wikipedia/commons/thumb/9/90/Jackson_Ragen_NYCFC.Seattle.18.Oct.2025-154_%28cropped%29.jpg/330px-Jackson_Ragen_NYCFC.Seattle.18.Oct.2025-154_%28cropped%29.jpg
Jackson Yueill,SJO,2024,MF,32,1,4,9,https://upload.wikimedia.org/wikipedia/commons/thumb/1/1d/Jackson_Yueill_Revolution_Nashville_6.25.25-067_%28cropped%29.jpg/330px-Jackson_Yueill_Revolution_Nashville_6.25.25-067_%28cropped%29.jpg
Jacob Shaffelburg,NSC,2024,MF,30,3,1,19,https://upload.wikimedia.org/wikipedia/commons/thumb/d/d0/Jacob_Shaffelburg_Canada_v_Qatar_18_June_2026-020_%28cropped%29.jpg/330px-Jacob_Shaffelburg_Canada_v_Qatar_18_June_2026-020_%28cropped%29.jpg
Jahkeele Marshall-Rutty,TOR,2024,MF,22,0,1,7,https://upload.wikimedia.org/wikipedia/commons/thumb/8/8f/Jahkeele_Marshall-Rutty_Red_Bulls_Revolution-12.jpg/330px-Jahkeele_Marshall-Rutty_Red_Bulls_Revolution-12.jpg
Jakob Glesnes,PUN,2024,DF,31,2,0,10,https://upload.wikimedia.org/wikipedia/commons/thumb/e/ed/Jakob_Glesnes_Philadelphia_Union_New_York_City_FC_Nov_23_2025-037_%28cropped%29.jpg/330px-Jakob_Glesnes_Philadelphia_Union_New_York_City_FC_Nov_23_2025-037_%28cropped%29.jpg
Jamal Thiaré,AUN,2024,MF,7,0,0,6,https://upload.wikimedia.org/wikipedia/commons/thumb/f/fb/Jamal_Thiar%C3%A9_19_FW_Columbus_Crew-2.jpg/330px-Jamal_Thiar%C3%A9_19_FW_Columbus_Crew-2.jpg
James Sands,NYO,2024,MF,26,0,1,9,https://upload.wikimedia.org/wikipedia/commons/thumb/8/81/James_Sands_2022.jpg/330px-James_Sands_2022.jpg
Jared Stroud,SLO,2024,MF,33,5,6,14,https://upload.wikimedia.org/wikipedia/commons/thumb/3/3a/Jared_Stroud_-_Post-Match_NYRBII.jpg/330px-Jared_Stroud_-_Post-Match_NYRBII.jpg
Jaylin Lindsey,CHA,2024,DF,21,1,2,5,https://upload.wikimedia.org/wikipedia/commons/thumb/4/45/Jaylin_Lindsey.jpg/330px-Jaylin_Lindsey.jpg
Jesús Bueno,PUN,2024,MF,26,0,0,18,https://upload.wikimedia.org/wikipedia/commons/thumb/2/25/Jes%C3%BAs_Bueno_Philadelphia_Union_New_York_City_FC_Nov_23_2025-020_%28cropped%29.jpg/330px-Jes%C3%BAs_Bueno_Philadelphia_Union_New_York_City_FC_Nov_23_2025-020_%28cropped%29.jpg
Jesús Ferreira,DAL,2024,FW,29,13,5,10,https://upload.wikimedia.org/wikipedia/commons/thumb/a/a5/Jes%C3%BAs_Ferreira_NYCFC.Seattle.18.Oct.2025-098_%28cropped%29.jpg/330px-Jes%C3%BAs_Ferreira_NYCFC.Seattle.18.Oct.2025-098_%28cropped%29.jpg
Jimmy Maurer,DAL,2024,GK,5,0,0,0,https://upload.wikimedia.org/wikipedia/commons/thumb/e/e2/Houston_Dynamo_training_2025%2C_146.jpg/330px-Houston_Dynamo_training_2025%2C_146.jpg
Joe Bendik,PUN,2024,GK,8,0,0,2,https://upload.wikimedia.org/wikipedia/commons/thumb/0/03/Joe_Bendki_%28cropped%29.jpg/330px-Joe_Bendki_%28cropped%29.jpg
Joel Waterman,MON,2024,DF,28,1,1,9,https://upload.wikimedia.org/wikipedia/commons/thumb/7/7f/Joel_Waterman_Canada_v_Qatar_18_June_2026-087.jpg/330px-Joel_Waterman_Canada_v_Qatar_18_June_2026-087.jpg
John Tolkin,RBU,2024,DF,30,4,8,9,https://upload.wikimedia.org/wikipedia/commons/thumb/e/ed/2026-03-04_John_Tolkin.jpg/330px-2026-03-04_John_Tolkin.jpg
Jon Gallagher,AUS,2024,DF,34,5,4,7,https://upload.wikimedia.org/wikipedia/commons/thumb/6/64/Jon_Gallagher_%2853210514812%29_%28cropped%29.jpg/330px-Jon_Gallagher_%2853210514812%29_%28cropped%29.jpg
Jonathan Dean,CFI,2024,DF,22,0,1,9,https://upload.wikimedia.org/wikipedia/commons/thumb/4/46/Jonathan_Dean_Philadelphia_Chicago_10.26.25-005_%28cropped%29.jpg/330px-Jonathan_Dean_Philadelphia_Chicago_10.26.25-005_%28cropped%29.jpg
Jonathan Klinsmann,GAL,2024,GK,10,0,0,3,https://upload.wikimedia.org/wikipedia/commons/thumb/e/e3/Jonathan_Klinsmann_Fu%C3%9Fball%2C_M%C3%A4nner%2C_Th%C3%BCringer_Medien_Cup_2017%2C_Rot-Wei%C3%9F_Erfurt_-_Hertha_BSC_IMG_4521_LR7%2C5_by_Stepro.jpg/330px-Jonathan_Klinsmann_Fu%C3%9Fball%2C_M%C3%A4nner%2C_Th%C3%BCringer_Medien_Cup_2017%2C_Rot-Wei%C3%9F_Erfurt_-_Hertha_BSC_IMG_4521_LR7%2C5_by_Stepro.jpg
Jonathan Osorio,TOR,2024,MF,21,4,4,2,https://upload.wikimedia.org/wikipedia/commons/thumb/a/ae/Jonathan_Osorio_Canada_v_Qatar_18_June_2026-029.jpg/330px-Jonathan_Osorio_Canada_v_Qatar_18_June_2026-029.jpg
Jonathan Sirois,MON,2024,GK,33,0,0,12,https://upload.wikimedia.org/wikipedia/commons/thumb/5/56/Jonathan_Sirois_CF_Montreal_NYCFC_6.28.25-054_%28cropped%29.jpg/330px-Jonathan_Sirois_CF_Montreal_NYCFC_6.28.25-054_%28cropped%29.jpg
Jordan Morris,SSO,2024,FW,30,13,1,15,https://upload.wikimedia.org/wikipedia/commons/thumb/d/de/Jordan_Morris_NYCFC.Seattle.18.Oct.2025-043_%28cropped%29.jpg/330px-Jordan_Morris_NYCFC.Seattle.18.Oct.2025-043_%28cropped%29.jpg
Jordan Perruzza,TOR,2024,FW,5,0,0,3,https://upload.wikimedia.org/wikipedia/commons/e/e7/Jordan_Perruzza.jpg
Joshua Atencio,SSO,2024,MF,26,1,1,17,https://upload.wikimedia.org/wikipedia/commons/thumb/6/6d/Josh_Atencio_NYCFC_v_Colorado_Mar_14_2026-5_%28cropped%29.jpg/330px-Josh_Atencio_NYCFC_v_Colorado_Mar_14_2026-5_%28cropped%29.jpg
Joshua Yaro,SLO,2024,DF,17,0,0,9,https://upload.wikimedia.org/wikipedia/commons/thumb/1/10/Joshua_Yaro.jpg/330px-Joshua_Yaro.jpg
Jozy Altidore,NEN,2024,FW,10,1,0,6,https://upload.wikimedia.org/wikipedia/commons/thumb/1/1f/Jozy_Altidore_USMNT_v_Portugal_Mar_31_2026-17.jpg/330px-Jozy_Altidore_USMNT_v_Portugal_Mar_31_2026-17.jpg
João Klauss,SLO,2024,FW,21,10,2,7,https://upload.wikimedia.org/wikipedia/commons/7/7b/St._Louis_City_vs_Aston_Villa_%28Jul_2025%29_01_%28Jo%C3%A3o_Klauss%29.jpg
Jules-Anthony Vilsaint,MON,2024,FW,11,1,1,9,https://upload.wikimedia.org/wikipedia/commons/thumb/9/90/Jules-Anthony_VilsaintCF_Montreal_NYCFC_6.28.25-005_%28cropped%29.jpg/330px-Jules-Anthony_VilsaintCF_Montreal_NYCFC_6.28.25-005_%28cropped%29.jpg
Julian Gressel,CCR,2024,MF,15,1,1,7,https://upload.wikimedia.org/wikipedia/commons/thumb/d/d0/Julian_Gressel_2021.jpg/330px-Julian_Gressel_2021.jpg
Julian Gressel,VWH,2024,MF,18,3,5,6,https://upload.wikimedia.org/wikipedia/commons/thumb/d/d0/Julian_Gressel_2021.jpg/330px-Julian_Gressel_2021.jpg
Junior Hoilett,VWH,2024,FW,9,0,0,5,https://upload.wikimedia.org/wikipedia/commons/thumb/8/8e/David_Hoilett_WC2022.jpg/330px-David_Hoilett_WC2022.jpg
Justen Glad,RSA,2024,DF,34,5,0,10,https://upload.wikimedia.org/wikipedia/commons/thumb/b/bb/MLS_FC_Dallas_at_Real_Salt_Lake_%2851427451952%29_%28cropped%29.jpg/330px-MLS_FC_Dallas_at_Real_Salt_Lake_%2851427451952%29_%28cropped%29.jpg
Justin Haak,NYO,2024,DF,14,1,0,6,https://upload.wikimedia.org/wikipedia/commons/thumb/5/53/Justin_Haak_NYCFC_Miami_24_Sep_2025-022_%28cropped%29.jpg/330px-Justin_Haak_NYCFC_Miami_24_Sep_2025-022_%28cropped%29.jpg
Justin Rennicks,NEN,2024,FW,15,0,0,10,https://upload.wikimedia.org/wikipedia/commons/thumb/5/50/Justin_Rennicks.jpg/330px-Justin_Rennicks.jpg
Kamal Miller,IMI,2024,DF,22,0,0,3,https://upload.wikimedia.org/wikipedia/commons/f/fb/Kamal_Miller_WC2022.jpg
Kamal Miller,MON,2024,DF,6,0,0,0,https://upload.wikimedia.org/wikipedia/commons/f/fb/Kamal_Miller_WC2022.jpg
Keaton Parks,NYO,2024,MF,32,2,2,10,https://upload.wikimedia.org/wikipedia/commons/thumb/5/57/Keaton_Parks_NYCFC_v_Colorado_Mar_14_2026-26_%28cropped%29.jpg/330px-Keaton_Parks_NYCFC_v_Colorado_Mar_14_2026-26_%28cropped%29.jpg
Keegan Rosenberry,CRA,2024,DF,26,0,0,8,https://upload.wikimedia.org/wikipedia/commons/thumb/7/7f/Keegan_Rosenberry_NYCFC_v_Colorado_Mar_14_2026-32.jpg/330px-Keegan_Rosenberry_NYCFC_v_Colorado_Mar_14_2026-32.jpg
Kellyn Acosta,LAF,2024,MF,29,0,0,16,https://upload.wikimedia.org/wikipedia/commons/thumb/0/0b/Kellyn_Acosta_Philadelphia_Chicago_10.26.25-015_%28cropped%29.jpg/330px-Kellyn_Acosta_Philadelphia_Chicago_10.26.25-015_%28cropped%29.jpg
Kelyn Rowe,SSO,2024,DF,10,0,0,6,https://upload.wikimedia.org/wikipedia/commons/d/dd/Kelyn_Rowe.jpg
Kendall McIntosh,KCI,2024,GK,14,0,0,2,https://upload.wikimedia.org/wikipedia/commons/thumb/2/27/Kendall_McIntosh_Sacramento_Republic_vs_Oakland_Roots_16_May_2026_03.jpg/330px-Kendall_McIntosh_Sacramento_Republic_vs_Oakland_Roots_16_May_2026_03.jpg
Kerwin Vargas,CHA,2024,FW,30,5,4,10,https://upload.wikimedia.org/wikipedia/commons/thumb/5/57/Kerwin_Vargas_NYCFC_v_Charlotte_20_Sep_2025-055_%28cropped%29.jpg/330px-Kerwin_Vargas_NYCFC_v_Charlotte_20_Sep_2025-055_%28cropped%29.jpg
Khiry Shelton,KCI,2024,FW,26,1,1,14,https://upload.wikimedia.org/wikipedia/commons/thumb/c/c6/Khiry_SHelton_NYCFC_vs._Houston_Dynamo-_5-30-2015_%28cropped%29.jpg/330px-Khiry_SHelton_NYCFC_vs._Houston_Dynamo-_5-30-2015_%28cropped%29.jpg
Kristijan Kahlina,CHA,2024,GK,25,0,2,7,https://upload.wikimedia.org/wikipedia/commons/thumb/a/a8/Kristijan_Kahlina_NYCFC_v_Charlotte_20_Sep_2025-023_%28cropped%29.jpg/330px-Kristijan_Kahlina_NYCFC_v_Charlotte_20_Sep_2025-023_%28cropped%29.jpg
Kyle Hiebert,SLO,2024,DF,29,2,0,7,https://upload.wikimedia.org/wikipedia/commons/3/30/Kyle_Hiebert_2026_%28cropped%29.jpg
Lalas Abubakar,CRA,2024,DF,26,2,0,10,https://upload.wikimedia.org/wikipedia/commons/thumb/2/2a/Lalas_Abubakar_NY_Red_Bulls_v_FC_Dallas_2_May_2026-10.jpg/330px-Lalas_Abubakar_NY_Red_Bulls_v_FC_Dallas_2_May_2026-10.jpg
Leon Flach,PUN,2024,MF,27,1,1,12,https://upload.wikimedia.org/wikipedia/commons/thumb/6/6b/Flach-Jagiellonia.png/330px-Flach-Jagiellonia.png
Leonardo Campana,IMI,2024,FW,26,9,3,8,https://upload.wikimedia.org/wikipedia/commons/thumb/2/23/Leonardo_Campana_%28cropped%29.jpg/330px-Leonardo_Campana_%28cropped%29.jpg
Liam Fraser,DAL,2024,MF,10,0,0,2,https://upload.wikimedia.org/wikipedia/commons/thumb/e/e3/Liam_Fraser_TFC_cropped.png/330px-Liam_Fraser_TFC_cropped.png
Lionel Messi,IMI,2024,FW,6,1,2,3,https://upload.wikimedia.org/wikipedia/commons/thumb/c/c8/Leo_Messi_Argentina_v_Egypt_7_July_2026-1.jpg/330px-Leo_Messi_Argentina_v_Egypt_7_July_2026-1.jpg
Luca Petrasso,OCI,2024,DF,12,0,0,7,https://upload.wikimedia.org/wikipedia/commons/thumb/c/cc/Luca_Petrasso_CF_Montreal_NYCFC_6.28.25-055.jpg/330px-Luca_Petrasso_CF_Montreal_NYCFC_6.28.25-055.jpg
Lucas Bartlett,SLO,2024,DF,14,0,1,6,https://upload.wikimedia.org/wikipedia/commons/thumb/6/6d/Lucas_Bartlett_NYCFC_vs_DC_United_on_Aug_30_2025-056_%28cropped%29.jpg/330px-Lucas_Bartlett_NYCFC_vs_DC_United_on_Aug_30_2025-056_%28cropped%29.jpg
Luis Barraza,NYO,2024,GK,24,0,0,4,https://upload.wikimedia.org/wikipedia/commons/thumb/f/f4/Luis_Barraza_NYCFC_vs_DC_United_on_Aug_30_2025-028_%28cropped%29.jpg/330px-Luis_Barraza_NYCFC_vs_DC_United_on_Aug_30_2025-028_%28cropped%29.jpg
Lukas MacNaughton,NSC,2024,DF,16,1,0,5,https://upload.wikimedia.org/wikipedia/commons/thumb/d/df/Lukas_MacNaughton_of_Pacific_FC.jpg/330px-Lukas_MacNaughton_of_Pacific_FC.jpg
Luke Haakenson,NSC,2024,MF,14,0,0,11,https://upload.wikimedia.org/wikipedia/commons/thumb/1/1b/Inter_Miami_0-0_Nashville_SC_04_%28cropped%29.jpg/330px-Inter_Miami_0-0_Nashville_SC_04_%28cropped%29.jpg
Maikel Chang,RSA,2024,MF,23,0,4,13,https://upload.wikimedia.org/wikipedia/commons/thumb/b/bc/Maikel_Chang_%2830045154176%29_%28cropped%29.jpg/330px-Maikel_Chang_%2830045154176%29_%28cropped%29.jpg
Malik Pinto,CIN,2024,MF,23,0,0,20,https://upload.wikimedia.org/wikipedia/commons/thumb/d/d2/Malik_Pinto.jpg/330px-Malik_Pinto.jpg
Malte Amundsen,CCR,2024,DF,28,4,2,7,https://upload.wikimedia.org/wikipedia/commons/thumb/1/1b/Malte_Amundsen_18_DF_Columbus_Crew.jpg/330px-Malte_Amundsen_18_DF_Columbus_Crew.jpg
Maren Haile-Selassie,CFI,2024,MF,32,6,3,14,https://upload.wikimedia.org/wikipedia/commons/thumb/9/9e/Maren_Haile-Selassie_Philadelphia_Chicago_10.26.25-072_%28cropped%29.jpg/330px-Maren_Haile-Selassie_Philadelphia_Chicago_10.26.25-072_%28cropped%29.jpg
Mark Delgado,GAL,2024,MF,30,2,2,9,https://upload.wikimedia.org/wikipedia/commons/e/ea/Marky_Delgado_USA-Columbia%2C_FIFA_U20_World_Cup_%2818498009079%29_%28cropped%29.jpg
Mark-Anthony Kaye,NEN,2024,MF,12,0,2,2,https://upload.wikimedia.org/wikipedia/commons/thumb/9/90/CINvLOU_2017-05-31_-_Mark-Anthony_Kaye_%2834925913031%29_%28cropped%29.jpg/330px-CINvLOU_2017-05-31_-_Mark-Anthony_Kaye_%2834925913031%29_%28cropped%29.jpg
Mark-Anthony Kaye,TOR,2024,MF,21,2,0,5,https://upload.wikimedia.org/wikipedia/commons/thumb/9/90/CINvLOU_2017-05-31_-_Mark-Anthony_Kaye_%2834925913031%29_%28cropped%29.jpg/330px-CINvLOU_2017-05-31_-_Mark-Anthony_Kaye_%2834925913031%29_%28cropped%29.jpg
Martín Ojeda,OCI,2024,MF,36,6,7,15,https://upload.wikimedia.org/wikipedia/commons/thumb/5/5d/Inter_Miami_CF_0-3_Orlando_City_SC_%2818_May_2025%29_24_%28cropped%29.jpg/330px-Inter_Miami_CF_0-3_Orlando_City_SC_%2818_May_2025%29_24_%28cropped%29.jpg
Mason Toye,MON,2024,FW,14,3,0,6,https://upload.wikimedia.org/wikipedia/commons/thumb/f/f3/Mason_Toye_%2840885783875%29_%28cropped%29.jpg/330px-Mason_Toye_%2840885783875%29_%28cropped%29.jpg
Mateusz Bogusz,LAF,2024,MF,33,3,6,15,https://upload.wikimedia.org/wikipedia/commons/thumb/e/ef/Mateusz_Bogusz_2020.jpg/330px-Mateusz_Bogusz_2020.jpg
Mathieu Choinière,MON,2024,MF,28,5,2,10,https://upload.wikimedia.org/wikipedia/commons/thumb/a/a2/Mathieu_Choiniere_Canada_v_Qatar_18_June_2026-090_%28cropped%29.jpg/330px-Mathieu_Choiniere_Canada_v_Qatar_18_June_2026-090_%28cropped%29.jpg
Mathías Laborda,VWH,2024,DF,24,1,0,8,https://upload.wikimedia.org/wikipedia/commons/thumb/6/6f/Math%C3%ADas_Laborda%2C_Vancouver_Whitecaps_FC_v_Colorado_Rapids_2026-04-25_%28cropped%29.jpg/330px-Math%C3%ADas_Laborda%2C_Vancouver_Whitecaps_FC_v_Colorado_Rapids_2026-04-25_%28cropped%29.jpg
Matt Freese,NYO,2024,GK,10,0,0,5,https://upload.wikimedia.org/wikipedia/commons/thumb/a/a0/Matt_Freese_NYCFC_v_Cincinnati_22_Apr_26-40_%28cropped%29.jpg/330px-Matt_Freese_NYCFC_v_Cincinnati_22_Apr_26-40_%28cropped%29.jpg
Matt Hedges,AUS,2024,DF,6,1,0,3,https://upload.wikimedia.org/wikipedia/commons/thumb/e/e8/MLS_FC_Dallas_at_Real_Salt_Lake_%2851428326041%29_%28cropped%29.jpg/330px-MLS_FC_Dallas_at_Real_Salt_Lake_%2851428326041%29_%28cropped%29.jpg
Matt Hedges,TOR,2024,DF,14,0,0,6,https://upload.wikimedia.org/wikipedia/commons/thumb/e/e8/MLS_FC_Dallas_at_Real_Salt_Lake_%2851428326041%29_%28cropped%29.jpg/330px-MLS_FC_Dallas_at_Real_Salt_Lake_%2851428326041%29_%28cropped%29.jpg
Matt Miazga,CIN,2024,DF,29,0,1,11,https://upload.wikimedia.org/wikipedia/commons/thumb/b/bc/USAvVEN_2019-06-09_-_Matt_Miazga_%2851171093429%29_%28cropped%29.jpg/330px-USAvVEN_2019-06-09_-_Matt_Miazga_%2851171093429%29_%28cropped%29.jpg
Matt Polster,NEN,2024,MF,33,2,1,8,https://upload.wikimedia.org/wikipedia/commons/thumb/1/1f/Matt_Polster_NE_Revolution_Inter_Miami_7.9.25-216_%28cropped%29.jpg/330px-Matt_Polster_NE_Revolution_Inter_Miami_7.9.25-216_%28cropped%29.jpg
Matthew Real,PUN,2024,DF,13,0,1,10,https://upload.wikimedia.org/wikipedia/commons/thumb/6/60/CINvBST_2018-06-13_-_Matthew_Real_%2831503736858%29_%28cropped%29.jpg/330px-CINvBST_2018-06-13_-_Matthew_Real_%2831503736858%29_%28cropped%29.jpg
Max Arfsten,CCR,2024,MF,13,3,2,8,https://upload.wikimedia.org/wikipedia/commons/thumb/d/d1/Max_Arfsten_Australia_v_USA_19_June_2026-70.jpg/330px-Max_Arfsten_Australia_v_USA_19_June_2026-70.jpg
Maxime Chanot,NYO,2024,DF,19,1,0,3,https://upload.wikimedia.org/wikipedia/commons/thumb/0/0f/Maxime_Chanot_2017.jpg/330px-Maxime_Chanot_2017.jpg
Maxime Crépeau,LAF,2024,GK,12,0,0,5,https://upload.wikimedia.org/wikipedia/commons/thumb/5/53/Maxime_Crepeau_Canada_v_Qatar_18_June_2026-089.jpg/330px-Maxime_Crepeau_Canada_v_Qatar_18_June_2026-089.jpg
Maya Yoshida,GAL,2024,DF,12,1,3,2,https://upload.wikimedia.org/wikipedia/commons/thumb/9/9c/Maya_Yoshida_along_with_Japan_National_Football_Team_at_the_Kantei.jpg/330px-Maya_Yoshida_along_with_Japan_National_Football_Team_at_the_Kantei.jpg
Memo Rodríguez,AUS,2024,MF,9,0,0,4,https://upload.wikimedia.org/wikipedia/commons/thumb/f/f9/2015_Chipotle_MLS_Homegrow_%2810%29.jpg/330px-2015_Chipotle_MLS_Homegrow_%2810%29.jpg
Memo Rodríguez,GAL,2024,MF,12,1,1,5,https://upload.wikimedia.org/wikipedia/commons/thumb/f/f9/2015_Chipotle_MLS_Homegrow_%2810%29.jpg/330px-2015_Chipotle_MLS_Homegrow_%2810%29.jpg
Michael Boxall,MUN,2024,DF,32,2,0,8,https://upload.wikimedia.org/wikipedia/commons/thumb/4/4c/Michael_Boxall_-_MNUFC_-_MLS_-_new_zealand_-_%2852125271279%29.jpg/330px-Michael_Boxall_-_MNUFC_-_MLS_-_new_zealand_-_%2852125271279%29.jpg
Milos Degenek,CCR,2024,DF,12,0,0,5,https://upload.wikimedia.org/wikipedia/commons/thumb/5/59/Milos_Degenek_Australia_v_USA_19_June_2026-96_%28cropped%29.jpg/330px-Milos_Degenek_Australia_v_USA_19_June_2026-96_%28cropped%29.jpg
Mitja Ilenic,NYO,2024,DF,22,0,2,10,https://upload.wikimedia.org/wikipedia/commons/thumb/0/02/Mitja_Ilenic_CF_Montreal_NYCFC_6.28.25-039_%28cropped%29.jpg/330px-Mitja_Ilenic_CF_Montreal_NYCFC_6.28.25-039_%28cropped%29.jpg
Mohamed Farsi,CCR,2024,MF,36,0,4,12,https://upload.wikimedia.org/wikipedia/commons/thumb/d/df/Mohamed_Farsi_NYCFC_v_Columbus_10_May_2026-35_%28cropped%29.jpg/330px-Mohamed_Farsi_NYCFC_v_Columbus_10_May_2026-35_%28cropped%29.jpg
Moïse Bombito,CRA,2024,DF,11,0,0,4,https://upload.wikimedia.org/wikipedia/commons/thumb/c/c9/Moise_Bombito_Canada_v_Qatar_18_June_2026-156.jpg/330px-Moise_Bombito_Canada_v_Qatar_18_June_2026-156.jpg
Nathan Harriel,PUN,2024,DF,28,2,0,14,https://upload.wikimedia.org/wikipedia/commons/thumb/0/0d/Nathan_Harriel_Philadelphia_Union_New_York_City_FC_Nov_23_2025-026_%28cropped%29.jpg/330px-Nathan_Harriel_Philadelphia_Union_New_York_City_FC_Nov_23_2025-026_%28cropped%29.jpg
Nathan Saliba,MON,2024,MF,28,0,0,11,https://upload.wikimedia.org/wikipedia/commons/thumb/c/cc/Nathan_Saliba_Canada_v_Qatar_18_June_2026-208_%28cropped%29.jpg/330px-Nathan_Saliba_Canada_v_Qatar_18_June_2026-208_%28cropped%29.jpg
Nicholas Gioacchini,SLO,2024,FW,34,10,1,15,https://upload.wikimedia.org/wikipedia/commons/thumb/f/f1/Nicholas_Gioacchini_2021.jpg/330px-Nicholas_Gioacchini_2021.jpg
Nick Hagglund,CIN,2024,DF,27,1,0,10,https://upload.wikimedia.org/wikipedia/commons/thumb/1/15/CINvPOR_2019-03-17_-_Nick_Hagglund_%2833624969588%29_%28cropped%29.jpg/330px-CINvPOR_2019-03-17_-_Nick_Hagglund_%2833624969588%29_%28cropped%29.jpg
Nick Lima,AUS,2024,DF,33,1,3,9,https://upload.wikimedia.org/wikipedia/commons/thumb/b/b6/Nick_Lima_on_June_9%2C_2019.jpg/330px-Nick_Lima_on_June_9%2C_2019.jpg
Nkosi Tafari,DAL,2024,DF,33,3,3,10,https://upload.wikimedia.org/wikipedia/commons/thumb/b/b8/MLS_FC_Dallas_at_Real_Salt_Lake_%2851429255189%29_%28cropped%29.jpg/330px-MLS_FC_Dallas_at_Real_Salt_Lake_%2851429255189%29_%28cropped%29.jpg
Noah Allen,IMI,2024,DF,19,1,2,5,https://upload.wikimedia.org/wikipedia/commons/thumb/b/b9/Noah_Allen_NYCFC_Miami_24_Sep_2025-115_%28cropped%29.jpg/330px-Noah_Allen_NYCFC_Miami_24_Sep_2025-115_%28cropped%29.jpg
Noel Buck,NEN,2024,MF,27,3,1,8,https://upload.wikimedia.org/wikipedia/commons/thumb/b/bc/Noel_Buck.jpg/330px-Noel_Buck.jpg
Nouhou Tolo,SSO,2024,DF,32,0,1,16,https://upload.wikimedia.org/wikipedia/commons/thumb/0/0c/Nouhou_Tolo_NYCFC.Seattle.18.Oct.2025-048_%28cropped%29.jpg/330px-Nouhou_Tolo_NYCFC.Seattle.18.Oct.2025-048_%28cropped%29.jpg
Obinna Nwobodo,CIN,2024,MF,33,2,3,10,https://upload.wikimedia.org/wikipedia/commons/thumb/5/56/CINvNYC_2022-06-29_-_Obinna_Nwobodo_%2852187369221%29_%28cropped%29.jpg/330px-CINvNYC_2022-06-29_-_Obinna_Nwobodo_%2852187369221%29_%28cropped%29.jpg
Ousseni Bouda,SJO,2024,MF,15,1,0,11,https://upload.wikimedia.org/wikipedia/commons/thumb/5/55/Ousseni_Bouda_SJPL_2026.jpg/330px-Ousseni_Bouda_SJPL_2026.jpg
Owen Wolff,AUS,2024,MF,27,2,2,8,https://upload.wikimedia.org/wikipedia/commons/thumb/b/b6/Houston_Dynamo_vs_Austin_%28Apr_2025%29_02_%28cropped%29.jpg/330px-Houston_Dynamo_vs_Austin_%28Apr_2025%29_02_%28cropped%29.jpg
Patrick Schulte,CCR,2024,GK,37,0,1,10,https://upload.wikimedia.org/wikipedia/commons/thumb/0/0a/Patrick_Schulte_NYCFC_v_Columbus_10_May_2026-64_%28cropped%29.jpg/330px-Patrick_Schulte_NYCFC_v_Columbus_10_May_2026-64_%28cropped%29.jpg
Paul Arriola,DAL,2024,FW,25,3,4,9,https://upload.wikimedia.org/wikipedia/commons/thumb/3/34/USMNT_vs._Trinidad_and_Tobago_%2848124885026%29_%28cropped%29.jpg/330px-USMNT_vs._Trinidad_and_Tobago_%2848124885026%29_%28cropped%29.jpg
Paxton Pomykal,DAL,2024,MF,27,0,2,10,https://upload.wikimedia.org/wikipedia/commons/thumb/9/95/MLS_FC_Dallas_at_Real_Salt_Lake_%2851428294451%29_%28cropped%29.jpg/330px-MLS_FC_Dallas_at_Real_Salt_Lake_%2851428294451%29_%28cropped%29.jpg
Philip Quinton,CCR,2024,DF,12,1,0,3,https://upload.wikimedia.org/wikipedia/commons/thumb/7/73/Philip_Quinton.jpg/330px-Philip_Quinton.jpg
Ralph Priso-Mbongue,CRA,2024,MF,26,0,0,14,https://upload.wikimedia.org/wikipedia/commons/thumb/5/52/Ralph_Priso%2C_Vancouver_Whitecaps_FC_v_San_Jose_Earthquakes_2026-03-21_%28cropped%29.jpg/330px-Ralph_Priso%2C_Vancouver_Whitecaps_FC_v_San_Jose_Earthquakes_2026-03-21_%28cropped%29.jpg
Ranko Veselinovic,VWH,2024,DF,34,2,2,8,https://upload.wikimedia.org/wikipedia/commons/thumb/d/d2/Ranko_Veselinovi%C4%87%2C_Vancouver_Whitecaps_FC_v_Colorado_Rapids_2026-04-25_%28cropped%29.jpg/330px-Ranko_Veselinovi%C4%87%2C_Vancouver_Whitecaps_FC_v_Colorado_Rapids_2026-04-25_%28cropped%29.jpg
Raymon Gaddis,CIN,2024,MF,31,0,0,21,https://upload.wikimedia.org/wikipedia/commons/thumb/f/f2/Gaddis.jpg/330px-Gaddis.jpg
Reed Baker-Whiting,SSO,2024,DF,20,0,1,17,https://upload.wikimedia.org/wikipedia/commons/thumb/c/ca/Reed_Baker-Whiting_NYCFC.Seattle.18.Oct.2025-028_%28cropped%29.jpg/330px-Reed_Baker-Whiting_NYCFC.Seattle.18.Oct.2025-028_%28cropped%29.jpg
Ricard Puig,GAL,2024,MF,29,7,4,7,https://upload.wikimedia.org/wikipedia/commons/thumb/0/0b/Riqui_Puig_against_Portland_Timbers_%28cropped2%29.jpg/330px-Riqui_Puig_against_Portland_Timbers_%28cropped2%29.jpg
Richie Laryea,TOR,2024,DF,18,2,3,5,https://upload.wikimedia.org/wikipedia/commons/thumb/2/20/Richie_Laryea_Canada_v_Qatar_18_June_2026-096.jpg/330px-Richie_Laryea_Canada_v_Qatar_18_June_2026-096.jpg
Richie Laryea,VWH,2024,DF,14,1,2,3,https://upload.wikimedia.org/wikipedia/commons/thumb/2/20/Richie_Laryea_Canada_v_Qatar_18_June_2026-096.jpg/330px-Richie_Laryea_Canada_v_Qatar_18_June_2026-096.jpg
Robert Voloder,KCI,2024,DF,14,0,0,5,https://upload.wikimedia.org/wikipedia/commons/thumb/a/af/Robert_Voloder_NY_Red_Bulls_v_FC_Dallas_2_May_2026-20_%28cropped%29.jpg/330px-Robert_Voloder_NY_Red_Bulls_v_FC_Dallas_2_May_2026-20_%28cropped%29.jpg
Robin Jansson,OCI,2024,DF,37,0,0,14,https://upload.wikimedia.org/wikipedia/commons/thumb/4/42/Robin_Jansson_2018_-_cropped.jpg/330px-Robin_Jansson_2018_-_cropped.jpg
Robin Lod,MUN,2024,MF,10,0,1,3,https://upload.wikimedia.org/wikipedia/commons/thumb/8/8b/Robin_Lod_2021.jpg/330px-Robin_Lod_2021.jpg
Roger Espinoza,KCI,2024,MF,26,0,2,19,https://upload.wikimedia.org/wikipedia/commons/thumb/a/a4/Roger_Espinoza_2018.jpg/330px-Roger_Espinoza_2018.jpg
Roman Bürki,SLO,2024,GK,35,0,0,8,https://upload.wikimedia.org/wikipedia/commons/thumb/f/fd/St._Louis_City_vs_Aston_Villa_%28Jul_2025%29_11.jpg/330px-St._Louis_City_vs_Aston_Villa_%28Jul_2025%29_11.jpg
Roman Celentano,CIN,2024,GK,37,0,0,14,https://upload.wikimedia.org/wikipedia/commons/thumb/1/1b/Roman_Celentano_NYCFC_v_Cincinnati_22_Apr_26-39_%28cropped%29.jpg/330px-Roman_Celentano_NYCFC_v_Cincinnati_22_Apr_26-39_%28cropped%29.jpg
Rudy Camacho,CCR,2024,DF,17,0,0,6,https://upload.wikimedia.org/wikipedia/commons/thumb/9/90/Rudy_Camacho_NYCFC_v_Columbus_10_May_2026-69_%28cropped%29.jpg/330px-Rudy_Camacho_NYCFC_v_Columbus_10_May_2026-69_%28cropped%29.jpg
Rudy Camacho,MON,2024,DF,20,1,0,9,https://upload.wikimedia.org/wikipedia/commons/thumb/9/90/Rudy_Camacho_NYCFC_v_Columbus_10_May_2026-69_%28cropped%29.jpg/330px-Rudy_Camacho_NYCFC_v_Columbus_10_May_2026-69_%28cropped%29.jpg
Russell Canouse,DUN,2024,MF,27,0,1,9,https://upload.wikimedia.org/wikipedia/commons/thumb/b/bd/Russell_Canouse.jpg/330px-Russell_Canouse.jpg
Russell Teibert,VWH,2024,MF,7,0,0,4,https://upload.wikimedia.org/wikipedia/commons/7/7a/Russ_teibert.jpg
Ryan Sailor,IMI,2024,DF,8,0,0,3,https://upload.wikimedia.org/wikipedia/commons/thumb/0/04/Ryan_Sailor_NE_Revolution_Inter_Miami_7.9.25-031_%28cropped%29.jpg/330px-Ryan_Sailor_NE_Revolution_Inter_Miami_7.9.25-031_%28cropped%29.jpg
Ryan Spaulding,NEN,2024,DF,10,0,0,1,https://upload.wikimedia.org/wikipedia/commons/thumb/2/2f/Ryan_Spaulding_Sacramento_Republic_vs_Oakland_Roots_16_May_2026_02.jpg/330px-Ryan_Spaulding_Sacramento_Republic_vs_Oakland_Roots_16_May_2026_02.jpg
Saba Lobjanidze,AUN,2024,MF,12,3,4,4,https://upload.wikimedia.org/wikipedia/commons/thumb/c/cd/Saba_Lobjanidze_NYCvATL-06.12.25-071.jpg/330px-Saba_Lobjanidze_NYCvATL-06.12.25-071.jpg
Sam Adekugbe,VWH,2024,MF,12,1,1,7,https://upload.wikimedia.org/wikipedia/commons/thumb/1/1b/Sam_Adekugbe_WC2022.jpg/330px-Sam_Adekugbe_WC2022.jpg
Sam Surridge,NSC,2024,FW,11,2,0,5,https://upload.wikimedia.org/wikipedia/commons/thumb/e/eb/Sam_Surridge_Revolution_Nashville_6.25.25-033_%28cropped%29.jpg/330px-Sam_Surridge_Revolution_Nashville_6.25.25-033_%28cropped%29.jpg
Samuel Piette,MON,2024,MF,16,0,0,6,https://upload.wikimedia.org/wikipedia/commons/thumb/0/09/Sam_Piette_CF_Montreal_NYCFC_6.28.25-152_%28cropped%29.jpg/330px-Sam_Piette_CF_Montreal_NYCFC_6.28.25-152_%28cropped%29.jpg
Scott Arfield,CHA,2024,MF,14,2,0,5,https://upload.wikimedia.org/wikipedia/commons/thumb/d/d8/SM-Rangers18_%2818%29.jpg/330px-SM-Rangers18_%2818%29.jpg
Sean Nealis,RBU,2024,DF,34,1,1,8,https://upload.wikimedia.org/wikipedia/commons/thumb/4/43/Sean_Nealis_Red_Bull_Atlanta_5.31.25-22_%28cropped%29.jpg/330px-Sean_Nealis_Red_Bull_Atlanta_5.31.25-22_%28cropped%29.jpg
Sean Rea,MON,2024,FW,15,0,0,8,https://upload.wikimedia.org/wikipedia/commons/3/34/Sean_Rea.jpg
Sean Zawadzki,CCR,2024,DF,36,3,0,18,https://upload.wikimedia.org/wikipedia/commons/thumb/b/b7/Sean_Zawadzki_NYCFC_v_Columbus_10_May_2026-108_%28cropped%29.jpg/330px-Sean_Zawadzki_NYCFC_v_Columbus_10_May_2026-108_%28cropped%29.jpg
Sebastian Berhalter,VWH,2024,MF,29,2,2,16,https://upload.wikimedia.org/wikipedia/commons/thumb/3/38/Sebastian_Berhalter_Australia_v_USA_19_June_2026-218.jpg/330px-Sebastian_Berhalter_Australia_v_USA_19_June_2026-218.jpg
Sebastian Lletget,DAL,2024,MF,20,0,2,13,https://upload.wikimedia.org/wikipedia/commons/thumb/d/d5/Sebastian_Lletget_on_June_22%2C_2019.jpg/330px-Sebastian_Lletget_on_June_22%2C_2019.jpg
Sebastien Ibeagha,DAL,2024,DF,34,1,1,13,https://upload.wikimedia.org/wikipedia/commons/thumb/1/1b/Sebastien_Ibeagha_NY_Red_Bulls_v_FC_Dallas_2_May_2026-25_%28cropped%29.jpg/330px-Sebastien_Ibeagha_NY_Red_Bulls_v_FC_Dallas_2_May_2026-25_%28cropped%29.jpg
Sergi Palencia,LAF,2024,DF,25,0,1,16,https://upload.wikimedia.org/wikipedia/commons/thumb/0/08/Sergi_Palencia_with_LAFC.jpg/330px-Sergi_Palencia_with_LAFC.jpg
Shaq Moore,NSC,2024,DF,34,0,4,12,https://upload.wikimedia.org/wikipedia/commons/thumb/7/7d/Shaq_Moore_NY_Red_Bulls_v_FC_Dallas_2_May_2026-66_%28cropped%29.jpg/330px-Shaq_Moore_NY_Red_Bulls_v_FC_Dallas_2_May_2026-66_%28cropped%29.jpg
Simon Becher,VWH,2024,FW,20,4,1,12,https://upload.wikimedia.org/wikipedia/commons/thumb/b/bc/Simon_Becher.jpg/330px-Simon_Becher.jpg
Spencer Richey,CFI,2024,GK,5,0,0,1,https://upload.wikimedia.org/wikipedia/commons/thumb/e/ee/Spencer_Richey_March19.jpg/330px-Spencer_Richey_March19.jpg
Stefan Frei,SSO,2024,GK,36,0,0,17,https://upload.wikimedia.org/wikipedia/commons/thumb/c/c7/Stefen_Frei_NYCFC.Seattle.18.Oct.2025-020_%28cropped%29.jpg/330px-Stefen_Frei_NYCFC.Seattle.18.Oct.2025-020_%28cropped%29.jpg
Steve Birnbaum,DUN,2024,DF,22,1,0,9,https://upload.wikimedia.org/wikipedia/commons/thumb/c/ca/Steve_Birnbaum_DC_United.JPG/330px-Steve_Birnbaum_DC_United.JPG
Steven Beitashour,CRA,2024,DF,12,0,0,7,https://upload.wikimedia.org/wikipedia/commons/thumb/c/c8/Iran_vs._Angola_2014-05-30_%28207%29_Steven_Beitashour.jpg/330px-Iran_vs._Angola_2014-05-30_%28207%29_Steven_Beitashour.jpg
Steven Moreira,CCR,2024,DF,40,0,3,11,https://upload.wikimedia.org/wikipedia/commons/thumb/a/ae/Steven_Moreira_NYCFC_v_Columbus_10_May_2026-67_%28cropped%29.jpg/330px-Steven_Moreira_NYCFC_v_Columbus_10_May_2026-67_%28cropped%29.jpg
Tai Baribo,PUN,2024,MF,5,0,0,3,https://upload.wikimedia.org/wikipedia/commons/thumb/3/3b/Tai_Baribo_Philadelphia_Chicago_10.26.25-094_%28cropped%29.jpg/330px-Tai_Baribo_Philadelphia_Chicago_10.26.25-094_%28cropped%29.jpg
Talles Magno,NYO,2024,FW,30,4,2,12,https://upload.wikimedia.org/wikipedia/commons/thumb/8/86/Talles_Magno_NYCFC_v_Colorado_Mar_14_2026-14_%28cropped%29.jpg/330px-Talles_Magno_NYCFC_v_Colorado_Mar_14_2026-14_%28cropped%29.jpg
Tanner Beason,SJO,2024,DF,23,0,1,11,https://upload.wikimedia.org/wikipedia/commons/thumb/b/bd/Tanner_Beason_Revolution_Nashville_6.25.25-209.jpg/330px-Tanner_Beason_Revolution_Nashville_6.25.25-209.jpg
Taylor Washington,NSC,2024,DF,22,1,0,18,https://upload.wikimedia.org/wikipedia/commons/thumb/0/08/CINvNSH_2018-10-20_-_Taylor_Washington_%2840596737533%29_%28cropped%29.jpg/330px-CINvNSH_2018-10-20_-_Taylor_Washington_%2840596737533%29_%28cropped%29.jpg
Tayvon Gray,NYO,2024,DF,28,0,1,9,https://upload.wikimedia.org/wikipedia/commons/thumb/f/fc/Tayvon_Gray_NYCFC_v_Columbus_10_May_2026-70_%28cropped%29.jpg/330px-Tayvon_Gray_NYCFC_v_Columbus_10_May_2026-70_%28cropped%29.jpg
Teal Bunbury,NSC,2024,FW,33,3,1,19,https://upload.wikimedia.org/wikipedia/commons/thumb/8/87/Teal_Bunbury_Revolution_Nashville_6.25.25-037_%28cropped%29.jpg/330px-Teal_Bunbury_Revolution_Nashville_6.25.25-037_%28cropped%29.jpg
Teenage Hadebe,HDY,2024,DF,14,1,0,8,https://upload.wikimedia.org/wikipedia/commons/thumb/b/b9/Teenage_Hadebe_NYCFC_v_Cincinnati_22_Apr_26-48_%28cropped%29.jpg/330px-Teenage_Hadebe_NYCFC_v_Cincinnati_22_Apr_26-48_%28cropped%29.jpg
Themi Antonoglou,TOR,2024,MF,11,0,0,4,https://upload.wikimedia.org/wikipedia/commons/thumb/3/31/Valour-fc-themi-antonoglou.jpg/330px-Valour-fc-themi-antonoglou.jpg
Tim Melia,KCI,2024,GK,20,0,0,5,https://upload.wikimedia.org/wikipedia/commons/thumb/5/5e/Tim-Melia-2009-05-16.jpg/330px-Tim-Melia-2009-05-16.jpg
Tomás Avilés,IMI,2024,DF,11,1,1,5,https://upload.wikimedia.org/wikipedia/commons/thumb/c/c7/Tom%C3%A1s_Avil%C3%A9s_NE_Revolution_Inter_Miami_7.9.25-052_%28cropped%29.jpg/330px-Tom%C3%A1s_Avil%C3%A9s_NE_Revolution_Inter_Miami_7.9.25-052_%28cropped%29.jpg
Tomás Chancalay,NEN,2024,MF,13,6,0,3,https://upload.wikimedia.org/wikipedia/commons/thumb/a/a2/Tom%C3%A1s_Chancalay_Revolution_Nashville_6.25.25-066_%28cropped%29.jpg/330px-Tom%C3%A1s_Chancalay_Revolution_Nashville_6.25.25-066_%28cropped%29.jpg
Tristan Blackmon,VWH,2024,DF,32,2,0,8,https://upload.wikimedia.org/wikipedia/commons/thumb/8/8f/%28Tristan_Blackmon%29_Vancouver_Whitecaps_FC_players_v_San_Jose_Earthquakes_2026-03-21_%28cropped%29.jpg/330px-%28Tristan_Blackmon%29_Vancouver_Whitecaps_FC_players_v_San_Jose_Earthquakes_2026-03-21_%28cropped%29.jpg
Tyler Miller,DUN,2024,GK,25,0,0,6,https://upload.wikimedia.org/wikipedia/commons/thumb/2/2d/USAvVEN_2019-06-09_-_Tyler_Miller_%2851170572023%29_%28cropped%29.jpg/330px-USAvVEN_2019-06-09_-_Tyler_Miller_%2851170572023%29_%28cropped%29.jpg
Tyler Wolff,AUN,2024,FW,21,5,1,14,https://upload.wikimedia.org/wikipedia/commons/thumb/9/9c/Tyler_Wolff_Sacramento_Republic_vs_Oakland_Roots_16_May_2026_02.jpg/330px-Tyler_Wolff_Sacramento_Republic_vs_Oakland_Roots_16_May_2026_02.jpg
Walker Zimmerman,NSC,2024,DF,26,2,1,13,https://upload.wikimedia.org/wikipedia/commons/thumb/3/3f/2022_FIFA_World_Cup_England_0-0_USA_-_Walker_Zimmerman_%28cropped%29.jpg/330px-2022_FIFA_World_Cup_England_0-0_USA_-_Walker_Zimmerman_%28cropped%29.jpg
Wikelman Carmona,RBU,2024,MF,18,1,0,10,https://upload.wikimedia.org/wikipedia/commons/thumb/f/f5/Wikelman_Carmona_Red_Bull_Atlanta_5.31.25-34_%28cropped%29.jpg/330px-Wikelman_Carmona_Red_Bull_Atlanta_5.31.25-34_%28cropped%29.jpg
Wil Trapp,MUN,2024,MF,30,0,0,8,https://upload.wikimedia.org/wikipedia/commons/thumb/a/a5/USAvVEN_2019-06-09_-_Wil_Trapp_%2851171442740%29_%28cropped%29.jpg/330px-USAvVEN_2019-06-09_-_Wil_Trapp_%2851171442740%29_%28cropped%29.jpg
Will Bruin,AUS,2024,FW,19,3,1,13,https://upload.wikimedia.org/wikipedia/commons/thumb/e/ed/Will_Bruin_Sounders_%28crop%29.jpg/330px-Will_Bruin_Sounders_%28crop%29.jpg
William Yarbrough,CRA,2024,GK,20,0,0,7,https://upload.wikimedia.org/wikipedia/commons/thumb/d/dd/William_Yarbrough_NYCFC_Miami_24_Sep_2025-001_%28cropped%29.jpg/330px-William_Yarbrough_NYCFC_Miami_24_Sep_2025-001_%28cropped%29.jpg
Wyatt Omsberg,CFI,2024,DF,11,0,0,5,https://upload.wikimedia.org/wikipedia/commons/thumb/d/d8/Wyatt_Omsberg_Revolution_Nashville_6.25.25-019.jpg/330px-Wyatt_Omsberg_Revolution_Nashville_6.25.25-019.jpg
Yaw Yeboah,CCR,2024,MF,37,4,5,13,https://upload.wikimedia.org/wikipedia/commons/thumb/9/92/Yeboah_Yaw_Columbus_Crew_Meet_the_Team_2022.jpg/330px-Yeboah_Yaw_Columbus_Crew_Meet_the_Team_2022.jpg
Yeimar Gómez,SSO,2024,DF,37,2,0,18,https://upload.wikimedia.org/wikipedia/commons/f/fd/2023_Leagues_Cup_-_Seattle_vs._Monterrey_-_combined_starting_lineups_%28cropped%29.jpg
Yevhen Cheberko,CCR,2024,DF,9,0,0,7,https://upload.wikimedia.org/wikipedia/commons/thumb/6/62/Yevhen_Cheberko_21_DF_Columbus_Crew-8.jpg/330px-Yevhen_Cheberko_21_DF_Columbus_Crew-8.jpg
Yohei Takaoka,VWH,2024,GK,35,0,0,8,https://upload.wikimedia.org/wikipedia/commons/thumb/7/78/Yohei_Takaoka%2C_Vancouver_Whitecaps_FC_v_Colorado_Rapids_2026-04-25_%28cropped%29.jpg/330px-Yohei_Takaoka%2C_Vancouver_Whitecaps_FC_v_Colorado_Rapids_2026-04-25_%28cropped%29.jpg
Zac MacMath,RSA,2024,GK,31,0,0,10,https://upload.wikimedia.org/wikipedia/commons/thumb/6/64/Zac_MacMath_2012_Philadelphia_Union.jpg/330px-Zac_MacMath_2012_Philadelphia_Union.jpg
Zachary Brault-Guillard,MON,2024,MF,24,1,1,10,https://upload.wikimedia.org/wikipedia/commons/thumb/0/09/CINvMTL_2019-05-11_-_Zachary_Brault-Guillard_%2847962366912%29_%28cropped%29.jpg/330px-CINvMTL_2019-05-11_-_Zachary_Brault-Guillard_%2847962366912%29_%28cropped%29.jpg
